Year,State,Group,Turnout
2010,Alabama,Overall,0.43
2010,Alabama,Hispanic,0.21519222847454694
2010,Alabama,Young,0.16548271534528822
2012,Alabama,Overall,0.59
2012,Alabama,Hispanic,0
2012,Alabama,Young,0.3451907467123929
2014,Alabama,Overall,0.33
2014,Alabama,Hispanic,0.05124320712372941
2014,Alabama,Young,0.13367981328265394
2016,Alabama,Overall,0.59
2016,Alabama,Hispanic,0.33065616819582977
2016,Alabama,Young,0.4392064509454508
2018,Alabama,Overall,0.47
2018,Alabama,Hispanic,0.26964946652367283
2018,Alabama,Young,0.27666928068789576
2020,Alabama,Overall,0.61
2020,Alabama,Hispanic,0.5792308120628226
2020,Alabama,Young,0.45784861809427246
2022,Alabama,Overall,0.37
2022,Alabama,Hispanic,0.2127196521776102
2022,Alabama,Young,0.16338976051445112
2010,Alaska,Overall,0.53
2010,Alaska,Hispanic,0.3582424682132429
2010,Alaska,Young,0.18530928167581343
2012,Alaska,Overall,0.59
2012,Alaska,Hispanic,0.38207104262025005
2012,Alaska,Young,0.3287748964087651
2014,Alaska,Overall,0.55
2014,Alaska,Hispanic,0.3490910464454788
2014,Alaska,Young,0.2792182265541415
2016,Alaska,Overall,0.62
2016,Alaska,Hispanic,0.7466166271783977
2016,Alaska,Young,0.41050832062553827
2018,Alaska,Overall,0.54
2018,Alaska,Hispanic,0.45788471052018587
2018,Alaska,Young,0.39777676988564525
2020,Alaska,Overall,0.68
2020,Alaska,Hispanic,0.6632342112556537
2020,Alaska,Young,0.5325506036439482
2022,Alaska,Overall,0.5
2022,Alaska,Hispanic,0.29638329127174434
2022,Alaska,Young,0.24654238282258506
2010,Arizona,Overall,0.41
2010,Arizona,Hispanic,0.3216669936376674
2010,Arizona,Young,0.22710787736089522
2012,Arizona,Overall,0.53
2012,Arizona,Hispanic,0.3833180346766357
2012,Arizona,Young,0.4071468075612879
2014,Arizona,Overall,0.34
2014,Arizona,Hispanic,0.2665331093078318
2014,Arizona,Young,0.1263458584929964
2016,Arizona,Overall,0.56
2016,Arizona,Hispanic,0.43977874643480136
2016,Arizona,Young,0.37258396283405276
2018,Arizona,Overall,0.48
2018,Arizona,Hispanic,0.39823545700703344
2018,Arizona,Young,0.28561460355885954
2020,Arizona,Overall,0.67
2020,Arizona,Hispanic,0.5660416376833791
2020,Arizona,Young,0.4849141693959334
2022,Arizona,Overall,0.49
2022,Arizona,Hispanic,0.34941367392513073
2022,Arizona,Young,0.23153475749348792
2010,Arkansas,Overall,0.38
2010,Arkansas,Hispanic,0.1918117785169447
2010,Arkansas,Young,0.1418519938770388
2012,Arkansas,Overall,0.51
2012,Arkansas,Hispanic,0.1802696070509545
2012,Arkansas,Young,0.2375507226507874
2014,Arkansas,Overall,0.4
2014,Arkansas,Hispanic,0.2643079524505608
2014,Arkansas,Young,0.15965310826578946
2016,Arkansas,Overall,0.53
2016,Arkansas,Hispanic,0.285885596150678
2016,Arkansas,Young,0.3119565797118966
2018,Arkansas,Overall,0.42
2018,Arkansas,Hispanic,0.20487053053465584
2018,Arkansas,Young,0.23552520875230615
2020,Arkansas,Overall,0.56
2020,Arkansas,Hispanic,0.3582423554439064
2020,Arkansas,Young,0.3353083154007346
2022,Arkansas,Overall,0.42
2022,Arkansas,Hispanic,0.14075315918140024
2022,Arkansas,Young,0.2345356961071958
2010,California,Overall,0.46
2010,California,Hispanic,0.34551573625393067
2010,California,Young,0.24555232451369838
2012,California,Overall,0.56
2012,California,Hispanic,0.47238844234989946
2012,California,Young,0.405215018532418
2014,California,Overall,0.31
2014,California,Hispanic,0.2108880512408767
2014,California,Young,0.13494761043736486
2016,California,Overall,0.58
2016,California,Hispanic,0.4722973693119793
2016,California,Young,0.4271031417732841
2018,California,Overall,0.49
2018,California,Hispanic,0.40951216548431324
2018,California,Young,0.33394221920400846
2020,California,Overall,0.69
2020,California,Hispanic,0.5791401794126546
2020,California,Young,0.5675772888273236
2022,California,Overall,0.43
2022,California,Hispanic,0.3518295785704757
2022,California,Young,0.24544937406144868
2010,Colorado,Overall,0.52
2010,Colorado,Hispanic,0.3136528165275822
2010,Colorado,Young,0.23576520608411147
2012,Colorado,Overall,0.71
2012,Colorado,Hispanic,0.5251067792803089
2012,Colorado,Young,0.5655468735693885
2014,Colorado,Overall,0.55
2014,Colorado,Hispanic,0.3793948155703564
2014,Colorado,Young,0.17087335398595066
2016,Colorado,Overall,0.72
2016,Colorado,Hispanic,0.5757566556988489
2016,Colorado,Young,0.5080057145283012
2018,Colorado,Overall,0.62
2018,Colorado,Hispanic,0.4683633186338381
2018,Colorado,Young,0.43790767552196336
2020,Colorado,Overall,0.77
2020,Colorado,Hispanic,0.5821924487471762
2020,Colorado,Young,0.6073786077929205
2022,Colorado,Overall,0.58
2022,Colorado,Hispanic,0.3978979566747212
2022,Colorado,Young,0.3560219031512627
2010,Connecticut,Overall,0.46
2010,Connecticut,Hispanic,0.2639898612417343
2010,Connecticut,Young,0.20341695987186717
2012,Connecticut,Overall,0.61
2012,Connecticut,Hispanic,0.4574230150323606
2012,Connecticut,Young,0.38739897971531567
2014,Connecticut,Overall,0.43
2014,Connecticut,Hispanic,0.28380427520086254
2014,Connecticut,Young,0.1855165231694513
2016,Connecticut,Overall,0.65
2016,Connecticut,Hispanic,0.48080621374407695
2016,Connecticut,Young,0.4410952047147645
2018,Connecticut,Overall,0.55
2018,Connecticut,Hispanic,0.4191381569094359
2018,Connecticut,Young,0.3576285105287246
2020,Connecticut,Overall,0.7
2020,Connecticut,Hispanic,0.5926186474904181
2020,Connecticut,Young,0.545696652811319
2022,Connecticut,Overall,0.49
2022,Connecticut,Hispanic,0.3472096633462179
2022,Connecticut,Young,0.25103216904163506
2010,Delaware,Overall,0.49
2010,Delaware,Hispanic,0.30698008045176073
2010,Delaware,Young,0.24431605282494054
2012,Delaware,Overall,0.63
2012,Delaware,Hispanic,0.3928597306312177
2012,Delaware,Young,0.4064950280432914
2014,Delaware,Overall,0.35
2014,Delaware,Hispanic,0.1338972339262879
2014,Delaware,Young,0.1258414537561246
2016,Delaware,Overall,0.65
2016,Delaware,Hispanic,0.3769500412359029
2016,Delaware,Young,0.4344707145647506
2018,Delaware,Overall,0.51
2018,Delaware,Hispanic,0.3906587147007763
2018,Delaware,Young,0.30225240698234185
2020,Delaware,Overall,0.68
2020,Delaware,Hispanic,0.5370062465469961
2020,Delaware,Young,0.5384707038289289
2022,Delaware,Overall,0.43
2022,Delaware,Hispanic,0.30224116081311864
2022,Delaware,Young,0.24098613429246232
2010,District of Columbia,Overall,0.29
2010,District of Columbia,Hispanic,0.2175908290155393
2010,District of Columbia,Young,0.19278434878654882
2012,District of Columbia,Overall,0.61
2012,District of Columbia,Hispanic,0.5657852535564107
2012,District of Columbia,Young,0.4932588932132771
2014,District of Columbia,Overall,0.35
2014,District of Columbia,Hispanic,0.32066964898821965
2014,District of Columbia,Young,0.18809768738858068
2016,District of Columbia,Overall,0.6
2016,District of Columbia,Hispanic,0.5378410248008564
2016,District of Columbia,Young,0.5010171884057373
2018,District of Columbia,Overall,0.44
2018,District of Columbia,Hispanic,0.40274515537973876
2018,District of Columbia,Young,0.3878882136883808
2020,District of Columbia,Overall,0.69
2020,District of Columbia,Hispanic,0.6628807750598915
2020,District of Columbia,Young,0.6831636377366824
2022,District of Columbia,Overall,0.41
2022,District of Columbia,Hispanic,0.2889991728669573
2022,District of Columbia,Young,0.3052458680102486
2010,Florida,Overall,0.42
2010,Florida,Hispanic,0.3932093145260633
2010,Florida,Young,0.21972591786038195
2012,Florida,Overall,0.63
2012,Florida,Hispanic,0.6441319144825208
2012,Florida,Young,0.4334388153140729
2014,Florida,Overall,0.43
2014,Florida,Hispanic,0.344954761989583
2014,Florida,Young,0.16894905818333034
2016,Florida,Overall,0.66
2016,Florida,Hispanic,0.6000985976657912
2016,Florida,Young,0.41376560788585576
2018,Florida,Overall,0.54
2018,Florida,Hispanic,0.4542921753612873
2018,Florida,Young,0.30512623459539534
2020,Florida,Overall,0.71
2020,Florida,Hispanic,0.6024790551572162
2020,Florida,Young,0.5321429588306893
2022,Florida,Overall,0.48
2022,Florida,Hispanic,0.3938767943813383
2022,Florida,Young,0.2405205111476887
2010,Georgia,Overall,0.41
2010,Georgia,Hispanic,0.2246660065705362
2010,Georgia,Young,0.19608886950621618
2012,Georgia,Overall,0.59
2012,Georgia,Hispanic,0.4561288204276911
2012,Georgia,Young,0.38392980689427364
2014,Georgia,Overall,0.39
2014,Georgia,Hispanic,0.2693931164083358
2014,Georgia,Young,0.20219452956300385
2016,Georgia,Overall,0.6
2016,Georgia,Hispanic,0.4769813309419804
2016,Georgia,Young,0.43296100163760814
2018,Georgia,Overall,0.54
2018,Georgia,Hispanic,0.36969826082494317
2018,Georgia,Young,0.35468737029477737
2020,Georgia,Overall,0.67
2020,Georgia,Hispanic,0.44805474195382844
2020,Georgia,Young,0.5367532984223251
2022,Georgia,Overall,0.52
2022,Georgia,Hispanic,0.3779990647520264
2022,Georgia,Young,0.3344828307149868
2010,Hawaii,Overall,0.4
2010,Hawaii,Hispanic,0.3310215801537421
2010,Hawaii,Young,0.20326426958391133
2012,Hawaii,Overall,0.44
2012,Hawaii,Hispanic,0.29739746632229236
2012,Hawaii,Young,0.2219244608793324
2014,Hawaii,Overall,0.37
2014,Hawaii,Hispanic,0.30091055886414836
2014,Hawaii,Young,0.07713339496284866
2016,Hawaii,Overall,0.43
2016,Hawaii,Hispanic,0.4388650497999316
2016,Hawaii,Young,0.19772735017165471
2018,Hawaii,Overall,0.39
2018,Hawaii,Hispanic,0.2736142757293848
2018,Hawaii,Young,0.2119049421733965
2020,Hawaii,Overall,0.55
2020,Hawaii,Hispanic,0.38675336265003063
2020,Hawaii,Young,0.37986530635596505
2022,Hawaii,Overall,0.4
2022,Hawaii,Hispanic,0.26881542753490373
2022,Hawaii,Young,0.2500159099711997
2010,Idaho,Overall,0.43
2010,Idaho,Hispanic,0.13259018410461484
2010,Idaho,Young,0.19169754788154694
2012,Idaho,Overall,0.61
2012,Idaho,Hispanic,0.3782263920565219
2012,Idaho,Young,0.3046361423131446
2014,Idaho,Overall,0.4
2014,Idaho,Hispanic,0.16865470422129422
2014,Idaho,Young,0.11943566655261471
2016,Idaho,Overall,0.61
2016,Idaho,Hispanic,0.4214072692301808
2016,Idaho,Young,0.4356829851423369
2018,Idaho,Overall,0.5
2018,Idaho,Hispanic,0.2490992248512478
2018,Idaho,Young,0.22311146081484842
2020,Idaho,Overall,0.65
2020,Idaho,Hispanic,0.46359622111034415
2020,Idaho,Young,0.5392354037555772
2022,Idaho,Overall,0.43
2022,Idaho,Hispanic,0.19708931122300122
2022,Idaho,Young,0.2091088647088182
2010,Illinois,Overall,0.43
2010,Illinois,Hispanic,0.3045630628660968
2010,Illinois,Young,0.19438499401497042
2012,Illinois,Overall,0.59
2012,Illinois,Hispanic,0.36770360518790024
2012,Illinois,Young,0.3387680934819279
2014,Illinois,Overall,0.41
2014,Illinois,Hispanic,0.24015985228394746
2014,Illinois,Young,0.1471459359694507
2016,Illinois,Overall,0.63
2016,Illinois,Hispanic,0.48572607559221215
2016,Illinois,Young,0.4626559514560726
2018,Illinois,Overall,0.51
2018,Illinois,Hispanic,0.3209451352595872
2018,Illinois,Young,0.2972563820738393
2020,Illinois,Overall,0.67
2020,Illinois,Hispanic,0.4581786862418437
2020,Illinois,Young,0.538917388532651
2022,Illinois,Overall,0.46
2022,Illinois,Hispanic,0.27616442947792436
2022,Illinois,Young,0.22171282176158766
2010,Indiana,Overall,0.38
2010,Indiana,Hispanic,0.18051498061642943
2010,Indiana,Young,0.09585795324236647
2012,Indiana,Overall,0.56
2012,Indiana,Hispanic,0.3885831086560275
2012,Indiana,Young,0.3439418868141525
2014,Indiana,Overall,0.29
2014,Indiana,Hispanic,0.160311188927773
2014,Indiana,Young,0.14901576075733589
2016,Indiana,Overall,0.58
2016,Indiana,Hispanic,0.45740554355285906
2016,Indiana,Young,0.4277201333812773
2018,Indiana,Overall,0.47
2018,Indiana,Hispanic,0.3478122322325987
2018,Indiana,Young,0.2967160376232345
2020,Indiana,Overall,0.61
2020,Indiana,Hispanic,0.43998471165002406
2020,Indiana,Young,0.38752771697179406
2022,Indiana,Overall,0.37
2022,Indiana,Hispanic,0.1549648589895348
2022,Indiana,Young,0.14893580403862233
2010,Iowa,Overall,0.51
2010,Iowa,Hispanic,0.2502916576307974
2010,Iowa,Young,0.24532846661449018
2012,Iowa,Overall,0.71
2012,Iowa,Hispanic,0.43734353043945007
2012,Iowa,Young,0.5106709451351243
2014,Iowa,Overall,0.5
2014,Iowa,Hispanic,0.1937593489776918
2014,Iowa,Young,0.19133589532765352
2016,Iowa,Overall,0.69
2016,Iowa,Hispanic,0.4919097303678538
2016,Iowa,Young,0.409490361471471
2018,Iowa,Overall,0.58
2018,Iowa,Hispanic,0.4543060522233109
2018,Iowa,Young,0.332554668291213
2020,Iowa,Overall,0.72
2020,Iowa,Hispanic,0.4514784715526602
2020,Iowa,Young,0.6464007152716481
2022,Iowa,Overall,0.52
2022,Iowa,Hispanic,0.26148987878337066
2022,Iowa,Young,0.23608956771543826
2010,Kansas,Overall,0.43
2010,Kansas,Hispanic,0.27300092179125945
2010,Kansas,Young,0.10653188691774304
2012,Kansas,Overall,0.58
2012,Kansas,Hispanic,0.27661445815230556
2012,Kansas,Young,0.3091352326472763
2014,Kansas,Overall,0.43
2014,Kansas,Hispanic,0.3145112213135926
2014,Kansas,Young,0.1273727325882155
2016,Kansas,Overall,0.6
2016,Kansas,Hispanic,0.47918813927352205
2016,Kansas,Young,0.350630704272985
2018,Kansas,Overall,0.51
2018,Kansas,Hispanic,0.37114820603681276
2018,Kansas,Young,0.33814862371722787
2020,Kansas,Overall,0.65
2020,Kansas,Hispanic,0.45029068214173096
2020,Kansas,Young,0.5283208776566193
2022,Kansas,Overall,0.48
2022,Kansas,Hispanic,0.3183717883199932
2022,Kansas,Young,0.23538416788874003
2010,Kentucky,Overall,0.45
2010,Kentucky,Hispanic,0.031069409228881212
2010,Kentucky,Young,0.18942144097371164
2012,Kentucky,Overall,0.56
2012,Kentucky,Hispanic,0.34870904101645384
2012,Kentucky,Young,0.3573434338138391
2014,Kentucky,Overall,0.45
2014,Kentucky,Hispanic,0.40272582324063394
2014,Kentucky,Young,0.23570233902053742
2016,Kentucky,Overall,0.6
2016,Kentucky,Hispanic,0.5061923974775271
2016,Kentucky,Young,0.5680239239034588
2018,Kentucky,Overall,0.49
2018,Kentucky,Hispanic,0.3002201802433538
2018,Kentucky,Young,0.22092098348210515
2020,Kentucky,Overall,0.64
2020,Kentucky,Hispanic,0.3962862122823968
2020,Kentucky,Young,0.5543376622639634
2022,Kentucky,Overall,0.45
2022,Kentucky,Hispanic,0.20047166090638016
2022,Kentucky,Young,0.3110890721709244
2010,Louisiana,Overall,0.4
2010,Louisiana,Hispanic,0.1915235475719445
2010,Louisiana,Young,0.19353066730147125
2012,Louisiana,Overall,0.61
2012,Louisiana,Hispanic,0.6232568226162912
2012,Louisiana,Young,0.3858100172085654
2014,Louisiana,Overall,0.45
2014,Louisiana,Hispanic,0.2809416990925585
2014,Louisiana,Young,0.24376020011250807
2016,Louisiana,Overall,0.61
2016,Louisiana,Hispanic,0.6714827174239532
2016,Louisiana,Young,0.4924443185947668
2018,Louisiana,Overall,0.45
2018,Louisiana,Hispanic,0.2815250024847761
2018,Louisiana,Young,0.2274453400264514
2020,Louisiana,Overall,0.64
2020,Louisiana,Hispanic,0.5701449698816539
2020,Louisiana,Young,0.48475545727809005
2022,Louisiana,Overall,0.42
2022,Louisiana,Hispanic,0.22570256177930562
2022,Louisiana,Young,0.22342045400474655
2010,Maine,Overall,0.56
2010,Maine,Hispanic,0.3076623858872069
2010,Maine,Young,0.2967308296759438
2012,Maine,Overall,0.69
2012,Maine,Hispanic,0.6343537244681738
2012,Maine,Young,0.4307993791903785
2014,Maine,Overall,0.59
2014,Maine,Hispanic,0.2626144197721062
2014,Maine,Young,0.2974304661643104
2016,Maine,Overall,0.73
2016,Maine,Hispanic,0.4492181197022613
2016,Maine,Young,0.4959081153411634
2018,Maine,Overall,0.6
2018,Maine,Hispanic,0.24856379370980475
2018,Maine,Young,0.2675057141891494
2020,Maine,Overall,0.75
2020,Maine,Hispanic,0.6683712095482883
2020,Maine,Young,0.6636023681491217
2022,Maine,Overall,0.61
2022,Maine,Hispanic,0.4526434732596285
2022,Maine,Young,0.3170931841637235
2010,Maryland,Overall,0.47
2010,Maryland,Hispanic,0.3331578738722822
2010,Maryland,Young,0.2238382061305969
2012,Maryland,Overall,0.67
2012,Maryland,Hispanic,0.6036611050150005
2012,Maryland,Young,0.4534120226204588
2014,Maryland,Overall,0.42
2014,Maryland,Hispanic,0.26482458964674815
2014,Maryland,Young,0.2100353064379958
2016,Maryland,Overall,0.67
2016,Maryland,Hispanic,0.6017607533856251
2016,Maryland,Young,0.5523957007060658
2018,Maryland,Overall,0.54
2018,Maryland,Hispanic,0.48138469263393924
2018,Maryland,Young,0.3760623586881588
2020,Maryland,Overall,0.69
2020,Maryland,Hispanic,0.6980753207670817
2020,Maryland,Young,0.6630753927450131
2022,Maryland,Overall,0.46
2022,Maryland,Hispanic,0.3026880931108606
2022,Maryland,Young,0.19599874675055187
2010,Massachusetts,Overall,0.5
2010,Massachusetts,Hispanic,0.13388679746017157
2010,Massachusetts,Young,0.2145992284910635
2012,Massachusetts,Overall,0.66
2012,Massachusetts,Hispanic,0.5840084103527993
2012,Massachusetts,Young,0.46529141968594623
2014,Massachusetts,Overall,0.45
2014,Massachusetts,Hispanic,0.16261762967643112
2014,Massachusetts,Young,0.19509948943387412
2016,Massachusetts,Overall,0.68
2016,Massachusetts,Hispanic,0.4545342499091356
2016,Massachusetts,Young,0.4359249176324537
2018,Massachusetts,Overall,0.55
2018,Massachusetts,Hispanic,0.4230967062803622
2018,Massachusetts,Young,0.33569144637914267
2020,Massachusetts,Overall,0.71
2020,Massachusetts,Hispanic,0.5425126864016708
2020,Massachusetts,Young,0.5910918531636639
2022,Massachusetts,Overall,0.49
2022,Massachusetts,Hispanic,0.3336760402583148
2022,Massachusetts,Young,0.28289219938283083
2010,Michigan,Overall,0.45
2010,Michigan,Hispanic,0.37806098375653346
2010,Michigan,Young,0.20782275649651627
2012,Michigan,Overall,0.65
2012,Michigan,Hispanic,0.6832803358410046
2012,Michigan,Young,0.4282861772873319
2014,Michigan,Overall,0.43
2014,Michigan,Hispanic,0.25378613618112256
2014,Michigan,Young,0.1697975189688786
2016,Michigan,Overall,0.66
2016,Michigan,Hispanic,0.3699909012908749
2016,Michigan,Young,0.38854454399032634
2018,Michigan,Overall,0.58
2018,Michigan,Hispanic,0.3912909425662021
2018,Michigan,Young,0.33019101698844483
2020,Michigan,Overall,0.73
2020,Michigan,Hispanic,0.5967179587793585
2020,Michigan,Young,0.5776891908016358
2022,Michigan,Overall,0.59
2022,Michigan,Hispanic,0.43335942539936106
2022,Michigan,Young,0.4245156668866791
2010,Minnesota,Overall,0.56
2010,Minnesota,Hispanic,0.33901318101341466
2010,Minnesota,Young,0.28484480018463393
2012,Minnesota,Overall,0.77
2012,Minnesota,Hispanic,0.48093431259167435
2012,Minnesota,Young,0.6243921935480953
2014,Minnesota,Overall,0.51
2014,Minnesota,Hispanic,0.3284515787589517
2014,Minnesota,Young,0.21168580925103112
2016,Minnesota,Overall,0.75
2016,Minnesota,Hispanic,0.3996834921825338
2016,Minnesota,Young,0.5965713241112449
2018,Minnesota,Overall,0.64
2018,Minnesota,Hispanic,0.5790276234495462
2018,Minnesota,Young,0.4341580049517537
2020,Minnesota,Overall,0.79
2020,Minnesota,Hispanic,0.6365157937882503
2020,Minnesota,Young,0.7021162141076398
2022,Minnesota,Overall,0.59
2022,Minnesota,Hispanic,0.3792832516507165
2022,Minnesota,Young,0.3506126914727162
2010,Mississippi,Overall,0.37
2010,Mississippi,Hispanic,0.2926700910810345
2010,Mississippi,Young,0.22075811743854093
2012,Mississippi,Overall,0.59
2012,Mississippi,Hispanic,0.09852760885677646
2012,Mississippi,Young,0.5047019169642868
2014,Mississippi,Overall,0.29
2014,Mississippi,Hispanic,0.2745398453556851
2014,Mississippi,Young,0.18167980037499817
2016,Mississippi,Overall,0.55
2016,Mississippi,Hispanic,0.5520302741834697
2016,Mississippi,Young,0.3794019054667084
2018,Mississippi,Overall,0.44
2018,Mississippi,Hispanic,0.2654623269964898
2018,Mississippi,Young,0.21696725282172
2020,Mississippi,Overall,0.61
2020,Mississippi,Hispanic,0.38229196552966316
2020,Mississippi,Young,0.3666414575574579
2022,Mississippi,Overall,0.33
2022,Mississippi,Hispanic,0.03275962145456777
2022,Mississippi,Young,0.19137451109089268
2010,Missouri,Overall,0.46
2010,Missouri,Hispanic,0.37455091246732536
2010,Missouri,Young,0.20373049167585866
2012,Missouri,Overall,0.64
2012,Missouri,Hispanic,0.6079796479901243
2012,Missouri,Young,0.4299753186882786
2014,Missouri,Overall,0.34
2014,Missouri,Hispanic,0.28203391311800585
2014,Missouri,Young,0.12825438297070604
2016,Missouri,Overall,0.62
2016,Missouri,Hispanic,0.5185369879113011
2016,Missouri,Young,0.45961857573139653
2018,Missouri,Overall,0.53
2018,Missouri,Hispanic,0.41762011436770746
2018,Missouri,Young,0.39959117069689354
2020,Missouri,Overall,0.65
2020,Missouri,Hispanic,0.5180988531665316
2020,Missouri,Young,0.5402402361122983
2022,Missouri,Overall,0.5
2022,Missouri,Hispanic,0.3690071765909008
2022,Missouri,Young,0.2551042037562968
2010,Montana,Overall,0.48
2010,Montana,Hispanic,0.4159253267708977
2010,Montana,Young,0.1927498005228564
2012,Montana,Overall,0.64
2012,Montana,Hispanic,0.5075656564030288
2012,Montana,Young,0.4084459351920004
2014,Montana,Overall,0.48
2014,Montana,Hispanic,0.5072101865965238
2014,Montana,Young,0.20256116058705137
2016,Montana,Overall,0.64
2016,Montana,Hispanic,0.5365974047774124
2016,Montana,Young,0.3900710983290118
2018,Montana,Overall,0.62
2018,Montana,Hispanic,0.5218835940957022
2018,Montana,Young,0.37832340773568407
2020,Montana,Overall,NA
2020,Montana,Hispanic,NA
2020,Montana,Young,NA
2022,Montana,Overall,0.53
2022,Montana,Hispanic,0.4509693255203531
2022,Montana,Young,0.2877809058194136
2010,Nebraska,Overall,0.39
2010,Nebraska,Hispanic,0.20387256813884047
2010,Nebraska,Young,0.10081147715957138
2012,Nebraska,Overall,0.61
2012,Nebraska,Hispanic,0.32733030149904896
2012,Nebraska,Young,0.3995158525259498
2014,Nebraska,Overall,0.42
2014,Nebraska,Hispanic,0.18581817461726619
2014,Nebraska,Young,0.14718220747532912
2016,Nebraska,Overall,0.64
2016,Nebraska,Hispanic,0.5444110073304187
2016,Nebraska,Young,0.5067723054720563
2018,Nebraska,Overall,0.52
2018,Nebraska,Hispanic,0.3361482497816779
2018,Nebraska,Young,0.32740752617554947
2020,Nebraska,Overall,0.69
2020,Nebraska,Hispanic,0.5159672064311995
2020,Nebraska,Young,0.4475596525294944
2022,Nebraska,Overall,0.48
2022,Nebraska,Hispanic,0.15431181914994413
2022,Nebraska,Young,0.1560703713640898
2010,Nevada,Overall,0.41
2010,Nevada,Hispanic,0.26990043353906507
2010,Nevada,Young,0.24443817297950907
2012,Nevada,Overall,0.57
2012,Nevada,Hispanic,0.5112951695382824
2012,Nevada,Young,0.40681467434669977
2014,Nevada,Overall,0.29
2014,Nevada,Hispanic,0.21483013108006543
2014,Nevada,Young,0.14076725098692885
2016,Nevada,Overall,0.58
2016,Nevada,Hispanic,0.5426855181896783
2016,Nevada,Young,0.4109146501306842
2018,Nevada,Overall,0.47
2018,Nevada,Hispanic,0.36344629072958257
2018,Nevada,Young,0.31288597625151765
2020,Nevada,Overall,0.64
2020,Nevada,Hispanic,0.48350819583986265
2020,Nevada,Young,0.3818492892078872
2022,Nevada,Overall,0.46
2022,Nevada,Hispanic,0.27845444689262694
2022,Nevada,Young,0.20772005777369512
2010,New Hampshire,Overall,0.46
2010,New Hampshire,Hispanic,0.2725735732079726
2010,New Hampshire,Young,0.19555325921587804
2012,New Hampshire,Overall,0.71
2012,New Hampshire,Hispanic,0.6515544888777834
2012,New Hampshire,Young,0.5301697691598412
2014,New Hampshire,Overall,0.48
2014,New Hampshire,Hispanic,0.45498190714296644
2014,New Hampshire,Young,0.181767268814996
2016,New Hampshire,Overall,0.72
2016,New Hampshire,Hispanic,0.6169745442452557
2016,New Hampshire,Young,0.5913412236987108
2018,New Hampshire,Overall,0.54
2018,New Hampshire,Hispanic,0.5139852616842508
2018,New Hampshire,Young,0.35694337686028016
2020,New Hampshire,Overall,0.74
2020,New Hampshire,Hispanic,0.4558610091147352
2020,New Hampshire,Young,0.6231648656239681
2022,New Hampshire,Overall,0.56
2022,New Hampshire,Hispanic,0.23625847031257877
2022,New Hampshire,Young,0.3050345589135531
2010,New Jersey,Overall,0.38
2010,New Jersey,Hispanic,0.2562550939224682
2010,New Jersey,Young,0.151841724873028
2012,New Jersey,Overall,0.62
2012,New Jersey,Hispanic,0.5121516060668893
2012,New Jersey,Young,0.39124943785817556
2014,New Jersey,Overall,0.33
2014,New Jersey,Hispanic,0.3091013307749487
2014,New Jersey,Young,0.12925764075620053
2016,New Jersey,Overall,0.66
2016,New Jersey,Hispanic,0.46369579127919586
2016,New Jersey,Young,0.43633352906052664
2018,New Jersey,Overall,0.54
2018,New Jersey,Hispanic,0.5120092355156515
2018,New Jersey,Young,0.3213372608262452
2020,New Jersey,Overall,0.72
2020,New Jersey,Hispanic,0.6629848628541933
2020,New Jersey,Young,0.6924855392347529
2022,New Jersey,Overall,0.41
2022,New Jersey,Hispanic,0.3178854057325261
2022,New Jersey,Young,0.24518633019509878
2010,New Mexico,Overall,0.45
2010,New Mexico,Hispanic,0.3753817918455258
2010,New Mexico,Young,0.14346129056268753
2012,New Mexico,Overall,0.55
2012,New Mexico,Hispanic,0.501648611677322
2012,New Mexico,Young,0.35882359762888316
2014,New Mexico,Overall,0.36
2014,New Mexico,Hispanic,0.2810480587024371
2014,New Mexico,Young,0.09731436699760669
2016,New Mexico,Overall,0.55
2016,New Mexico,Hispanic,0.48393889846427657
2016,New Mexico,Young,0.41049241061629504
2018,New Mexico,Overall,0.47
2018,New Mexico,Hispanic,0.3950558701171522
2018,New Mexico,Young,0.2731288525109266
2020,New Mexico,Overall,0.6
2020,New Mexico,Hispanic,0.5155859718440988
2020,New Mexico,Young,0.4111904222868674
2022,New Mexico,Overall,0.46
2022,New Mexico,Hispanic,0.3741145917571644
2022,New Mexico,Young,0.28898478071930866
2010,New York,Overall,0.36
2010,New York,Hispanic,0.26569013922142515
2010,New York,Young,0.178492328457307
2012,New York,Overall,0.54
2012,New York,Hispanic,0.49635831869152286
2012,New York,Young,0.3649099429299541
2014,New York,Overall,0.29
2014,New York,Hispanic,0.23739475151000147
2014,New York,Young,0.12542965676116277
2016,New York,Overall,0.58
2016,New York,Hispanic,0.5128996550454161
2016,New York,Young,0.3872286090021104
2018,New York,Overall,0.45
2018,New York,Hispanic,0.3720938976034075
2018,New York,Young,0.3022181109657124
2020,New York,Overall,0.62
2020,New York,Hispanic,0.5258456034403965
2020,New York,Young,0.4579566103401796
2022,New York,Overall,0.42
2022,New York,Hispanic,0.3259440978671573
2022,New York,Young,0.20701382060601073
2010,North Carolina,Overall,0.4
2010,North Carolina,Hispanic,0.38657673981918533
2010,North Carolina,Young,0.1885599074162181
2012,North Carolina,Overall,0.65
2012,North Carolina,Hispanic,0.5283835519750723
2012,North Carolina,Young,0.4713349544154953
2014,North Carolina,Overall,0.41
2014,North Carolina,Hispanic,0.23104571515977484
2014,North Carolina,Young,0.20715322065433073
2016,North Carolina,Overall,0.65
2016,North Carolina,Hispanic,0.5109981039392153
2016,North Carolina,Young,0.4879935006621857
2018,North Carolina,Overall,0.5
2018,North Carolina,Hispanic,0.3685912897426565
2018,North Carolina,Young,0.30170746735616893
2020,North Carolina,Overall,0.71
2020,North Carolina,Hispanic,0.5352675085379582
2020,North Carolina,Young,0.5412029358558712
2022,North Carolina,Overall,0.48
2022,North Carolina,Hispanic,0.2979632852123987
2022,North Carolina,Young,0.2501192794256555
2010,North Dakota,Overall,0.47
2010,North Dakota,Hispanic,0.23602826866562993
2010,North Dakota,Young,0.317284192507947
2012,North Dakota,Overall,0.61
2012,North Dakota,Hispanic,0.3814666141495469
2012,North Dakota,Young,0.46722265596118695
2014,North Dakota,Overall,0.46
2014,North Dakota,Hispanic,0.10230775172328054
2014,North Dakota,Young,0.24126578112118408
2016,North Dakota,Overall,0.62
2016,North Dakota,Hispanic,0.5853206504302646
2016,North Dakota,Young,0.4630963712750843
2018,North Dakota,Overall,0.59
2018,North Dakota,Hispanic,0.4433569494866478
2018,North Dakota,Young,0.3461321421898443
2020,North Dakota,Overall,0.63
2020,North Dakota,Hispanic,0.3893713463310388
2020,North Dakota,Young,0.4359711318953916
2022,North Dakota,Overall,0.42
2022,North Dakota,Hispanic,0.20028523974390025
2022,North Dakota,Young,0.21340746802540292
2010,Ohio,Overall,0.46
2010,Ohio,Hispanic,0.29806456080631183
2010,Ohio,Young,0.21129680028711473
2012,Ohio,Overall,0.65
2012,Ohio,Hispanic,0.5860854425259382
2012,Ohio,Young,0.47664331687476125
2014,Ohio,Overall,0.36
2014,Ohio,Hispanic,0.2096250795312151
2014,Ohio,Young,0.1142647427511829
2016,Ohio,Overall,0.64
2016,Ohio,Hispanic,0.5810439658759481
2016,Ohio,Young,0.40313511534060303
2018,Ohio,Overall,0.51
2018,Ohio,Hispanic,0.316405016572433
2018,Ohio,Young,0.218096033155728
2020,Ohio,Overall,0.67
2020,Ohio,Hispanic,0.5607714242359237
2020,Ohio,Young,0.5063201283822116
2022,Ohio,Overall,0.47
2022,Ohio,Hispanic,0.3457850189707256
2022,Ohio,Young,0.19259479589626394
2010,Oklahoma,Overall,0.39
2010,Oklahoma,Hispanic,0.1572781515556581
2010,Oklahoma,Young,0.18029368502353568
2012,Oklahoma,Overall,0.49
2012,Oklahoma,Hispanic,0.268951411698368
2012,Oklahoma,Young,0.25579218947778415
2014,Oklahoma,Overall,0.3
2014,Oklahoma,Hispanic,0.1582033865926949
2014,Oklahoma,Young,0.10360140536957124
2016,Oklahoma,Overall,0.53
2016,Oklahoma,Hispanic,0.3122876470447834
2016,Oklahoma,Young,0.31579274709591665
2018,Oklahoma,Overall,0.42
2018,Oklahoma,Hispanic,0.28637101520885627
2018,Oklahoma,Young,0.19242066137098937
2020,Oklahoma,Overall,0.54
2020,Oklahoma,Hispanic,0.28100595202394135
2020,Oklahoma,Young,0.28310022538264473
2022,Oklahoma,Overall,0.4
2022,Oklahoma,Hispanic,0.19732171875652568
2022,Oklahoma,Young,0.18722808337780256
2010,Oregon,Overall,0.54
2010,Oregon,Hispanic,0.3154564270773664
2010,Oregon,Young,0.3149936696536366
2012,Oregon,Overall,0.64
2012,Oregon,Hispanic,0.4730401620551141
2012,Oregon,Young,0.48378366525423644
2014,Oregon,Overall,0.53
2014,Oregon,Hispanic,0.3205492314327038
2014,Oregon,Young,0.23774051661075346
2016,Oregon,Overall,0.68
2016,Oregon,Hispanic,0.5630831110905001
2016,Oregon,Young,0.5003535853165952
2018,Oregon,Overall,0.61
2018,Oregon,Hispanic,0.34724619319198097
2018,Oregon,Young,0.3869203852845187
2020,Oregon,Overall,0.75
2020,Oregon,Hispanic,0.5254927746377361
2020,Oregon,Young,0.568163483230897
2022,Oregon,Overall,0.63
2022,Oregon,Hispanic,0.34474153343251107
2022,Oregon,Young,0.39622661702254525
2010,Pennsylvania,Overall,0.42
2010,Pennsylvania,Hispanic,0.2338552272292378
2010,Pennsylvania,Young,0.14817159339096125
2012,Pennsylvania,Overall,0.6
2012,Pennsylvania,Hispanic,0.439474479332172
2012,Pennsylvania,Young,0.4095593130588611
2014,Pennsylvania,Overall,0.37
2014,Pennsylvania,Hispanic,0.20407295343070905
2014,Pennsylvania,Young,0.1011905970308142
2016,Pennsylvania,Overall,0.64
2016,Pennsylvania,Hispanic,0.5280783926469482
2016,Pennsylvania,Young,0.5253422069572636
2018,Pennsylvania,Overall,0.52
2018,Pennsylvania,Hispanic,0.27673271003824434
2018,Pennsylvania,Young,0.31391325304941237
2020,Pennsylvania,Overall,NA
2020,Pennsylvania,Hispanic,NA
2020,Pennsylvania,Young,NA
2022,Pennsylvania,Overall,0.54
2022,Pennsylvania,Hispanic,0.37566399996650274
2022,Pennsylvania,Young,0.3652227181232442
2010,Rhode Island,Overall,0.45
2010,Rhode Island,Hispanic,0.1875292986349791
2010,Rhode Island,Young,0.18062596885144422
2012,Rhode Island,Overall,0.58
2012,Rhode Island,Hispanic,0.51858832933779
2012,Rhode Island,Young,0.4672429966587117
2014,Rhode Island,Overall,0.42
2014,Rhode Island,Hispanic,0.2679491103415576
2014,Rhode Island,Young,0.13274388011051852
2016,Rhode Island,Overall,0.6
2016,Rhode Island,Hispanic,0.5793481123632883
2016,Rhode Island,Young,0.4796645068660559
2018,Rhode Island,Overall,0.48
2018,Rhode Island,Hispanic,0.3519484793230746
2018,Rhode Island,Young,0.3892326177961681
2020,Rhode Island,Overall,0.63
2020,Rhode Island,Hispanic,0.5648508817584894
2020,Rhode Island,Young,0.4903771471330631
2022,Rhode Island,Overall,0.44
2022,Rhode Island,Hispanic,0.3659498525058545
2022,Rhode Island,Young,0.208564848403554
2010,South Carolina,Overall,0.4
2010,South Carolina,Hispanic,0.06963366220106046
2010,South Carolina,Young,0.2629366129179989
2012,South Carolina,Overall,0.57
2012,South Carolina,Hispanic,0.3677585367775328
2012,South Carolina,Young,0.47537599461397445
2014,South Carolina,Overall,0.35
2014,South Carolina,Hispanic,0.1072656946858907
2014,South Carolina,Young,0.16118408127869363
2016,South Carolina,Overall,0.57
2016,South Carolina,Hispanic,0.3790905631012358
2016,South Carolina,Young,0.40285453160402696
2018,South Carolina,Overall,0.45
2018,South Carolina,Hispanic,0.1621698405931176
2018,South Carolina,Young,0.22274210113333243
2020,South Carolina,Overall,0.65
2020,South Carolina,Hispanic,0.3928652270296082
2020,South Carolina,Young,0.5475489393502515
2022,South Carolina,Overall,0.43
2022,South Carolina,Hispanic,0.24094035292378777
2022,South Carolina,Young,0.22425032773476247
2010,South Dakota,Overall,0.54
2010,South Dakota,Hispanic,0.3460385448192239
2010,South Dakota,Young,0.23085711493368036
2012,South Dakota,Overall,0.6
2012,South Dakota,Hispanic,0.22453811598096077
2012,South Dakota,Young,0.3236035525655249
2014,South Dakota,Overall,0.46
2014,South Dakota,Hispanic,0.09570563594163252
2014,South Dakota,Young,0.12525109576516225
2016,South Dakota,Overall,0.6
2016,South Dakota,Hispanic,0.4931115693251247
2016,South Dakota,Young,0.3203410236887297
2018,South Dakota,Overall,0.53
2018,South Dakota,Hispanic,0.3078332584828012
2018,South Dakota,Young,0.2685144290070986
2020,South Dakota,Overall,0.66
2020,South Dakota,Hispanic,0.5056601444251019
2020,South Dakota,Young,0.495154812105893
2022,South Dakota,Overall,0.53
2022,South Dakota,Hispanic,0.17968497824644952
2022,South Dakota,Young,0.17554136864158387
2010,Tennessee,Overall,0.35
2010,Tennessee,Hispanic,0.24409907971821812
2010,Tennessee,Young,0.1446519273834582
2012,Tennessee,Overall,0.52
2012,Tennessee,Hispanic,0.5820258006092756
2012,Tennessee,Young,0.32816949022192105
2014,Tennessee,Overall,0.3
2014,Tennessee,Hispanic,0.10416641297965083
2014,Tennessee,Young,0.09788797716937102
2016,Tennessee,Overall,0.52
2016,Tennessee,Hispanic,0.2091696632260334
2016,Tennessee,Young,0.29928483417594615
2018,Tennessee,Overall,0.45
2018,Tennessee,Hispanic,0.26021537422941793
2018,Tennessee,Young,0.2822177950502184
2020,Tennessee,Overall,0.59
2020,Tennessee,Hispanic,0.36744599089420116
2020,Tennessee,Young,0.43638109889682203
2022,Tennessee,Overall,0.33
2022,Tennessee,Hispanic,0.22031702736115263
2022,Tennessee,Young,0.17679224396179774
2010,Texas,Overall,0.33
2010,Texas,Hispanic,0.20992638661827936
2010,Texas,Young,0.14607429862051508
2012,Texas,Overall,0.5
2012,Texas,Hispanic,0.36091600400728746
2012,Texas,Young,0.23634868864167774
2014,Texas,Overall,0.28
2014,Texas,Hispanic,0.1809528181591621
2014,Texas,Young,0.09788663419431765
2016,Texas,Overall,0.51
2016,Texas,Hispanic,0.3732714349539426
2016,Texas,Young,0.29350705709426206
2018,Texas,Overall,0.46
2018,Texas,Hispanic,0.3261055329361437
2018,Texas,Young,0.2564963389009832
2020,Texas,Overall,0.6
2020,Texas,Hispanic,0.49832227773149534
2020,Texas,Young,0.40649177493632793
2022,Texas,Overall,0.42
2022,Texas,Hispanic,0.32671050480819114
2022,Texas,Young,0.1979835913960743
2010,Utah,Overall,0.37
2010,Utah,Hispanic,0.18135532308699928
2010,Utah,Young,0.11274648881056644
2012,Utah,Overall,0.56
2012,Utah,Hispanic,0.3153293339023504
2012,Utah,Young,0.3628615439318622
2014,Utah,Overall,0.3
2014,Utah,Hispanic,0.1482583483041944
2014,Utah,Young,0.11438749206827163
2016,Utah,Overall,0.58
2016,Utah,Hispanic,0.5375735929093799
2016,Utah,Young,0.40370930219146844
2018,Utah,Overall,0.52
2018,Utah,Hispanic,0.39335140012219805
2018,Utah,Young,0.31666062963098557
2020,Utah,Overall,0.67
2020,Utah,Hispanic,0.5221922839738016
2020,Utah,Young,0.5280732728722629
2022,Utah,Overall,0.47
2022,Utah,Hispanic,0.2051726499044719
2022,Utah,Young,0.16181666071301823
2010,Vermont,Overall,0.5
2010,Vermont,Hispanic,0.44626252399423477
2010,Vermont,Young,0.18022436175319123
2012,Vermont,Overall,0.61
2012,Vermont,Hispanic,0.5248975652848462
2012,Vermont,Young,0.3765993410525377
2014,Vermont,Overall,0.41
2014,Vermont,Hispanic,0.5107746030042388
2014,Vermont,Young,0.10457478297096699
2016,Vermont,Overall,0.65
2016,Vermont,Hispanic,0.6879024807182383
2016,Vermont,Young,0.4811009398070547
2018,Vermont,Overall,0.56
2018,Vermont,Hispanic,0.7068477046613977
2018,Vermont,Young,0.35082902020991846
2020,Vermont,Overall,0.71
2020,Vermont,Hispanic,0.6614034010313404
2020,Vermont,Young,0.5044050108291094
2022,Vermont,Overall,0.56
2022,Vermont,Hispanic,0.3803464338230376
2022,Vermont,Young,0.3597887683423882
2010,Virginia,Overall,0.39
2010,Virginia,Hispanic,0.18145249362209034
2010,Virginia,Young,0.1883762220084021
2012,Virginia,Overall,0.67
2012,Virginia,Hispanic,0.6690470201269021
2012,Virginia,Young,0.4775496567685707
2014,Virginia,Overall,0.37
2014,Virginia,Hispanic,0.2252411887913351
2014,Virginia,Young,0.14664449714396494
2016,Virginia,Overall,0.66
2016,Virginia,Hispanic,0.6215973585474732
2016,Virginia,Young,0.5878329580499669
2018,Virginia,Overall,0.54
2018,Virginia,Hispanic,0.32502877381492096
2018,Virginia,Young,0.37270381375734307
2020,Virginia,Overall,0.72
2020,Virginia,Hispanic,0.5162822037289648
2020,Virginia,Young,0.5207816822082575
2022,Virginia,Overall,0.48
2022,Virginia,Hispanic,0.3192995950483547
2022,Virginia,Young,0.26101309163834885
2010,Washington,Overall,0.55
2010,Washington,Hispanic,0.28198387605297814
2010,Washington,Young,0.29362179073989503
2012,Washington,Overall,0.66
2012,Washington,Hispanic,0.4685336211333575
2012,Washington,Young,0.42341929288500657
2014,Washington,Overall,0.43
2014,Washington,Hispanic,0.21587627690912928
2014,Washington,Young,0.2086877561256387
2016,Washington,Overall,0.66
2016,Washington,Hispanic,0.4701658804861169
2016,Washington,Young,0.45691136508993463
2018,Washington,Overall,0.59
2018,Washington,Hispanic,0.41660478379314425
2018,Washington,Young,0.3320814798064021
2020,Washington,Overall,0.75
2020,Washington,Hispanic,0.5632718236614447
2020,Washington,Young,0.5496637102619687
2022,Washington,Overall,0.55
2022,Washington,Hispanic,0.4361165317346684
2022,Washington,Young,0.2674892212868973
2010,West Virginia,Overall,0.37
2010,West Virginia,Hispanic,0.34042271151582304
2010,West Virginia,Young,0.17198366723105465
2012,West Virginia,Overall,0.47
2012,West Virginia,Hispanic,0.30907325329322716
2012,West Virginia,Young,0.22354697979750665
2014,West Virginia,Overall,0.32
2014,West Virginia,Hispanic,0.18130355337315002
2014,West Virginia,Young,0.13760024358563808
2016,West Virginia,Overall,0.51
2016,West Virginia,Hispanic,0.3668330686836145
2016,West Virginia,Young,0.3263178716088051
2018,West Virginia,Overall,0.42
2018,West Virginia,Hispanic,0.194034853571584
2018,West Virginia,Young,0.21504959983320548
2020,West Virginia,Overall,0.57
2020,West Virginia,Hispanic,0.5335507716892264
2020,West Virginia,Young,0.35175065513758824
2022,West Virginia,Overall,0.35
2022,West Virginia,Hispanic,0.19216476881864594
2022,West Virginia,Young,0.14178806333826544
2010,Wisconsin,Overall,0.53
2010,Wisconsin,Hispanic,0.3842802506674684
2010,Wisconsin,Young,0.22780527099020925
2012,Wisconsin,Overall,0.73
2012,Wisconsin,Hispanic,0.4353186291444988
2012,Wisconsin,Young,0.5556188520712722
2014,Wisconsin,Overall,0.57
2014,Wisconsin,Hispanic,0.32618794751807684
2014,Wisconsin,Young,0.2875321800977038
2016,Wisconsin,Overall,0.7
2016,Wisconsin,Hispanic,0.4249350417877711
2016,Wisconsin,Young,0.46768625227309907
2018,Wisconsin,Overall,0.62
2018,Wisconsin,Hispanic,0.5694737797990197
2018,Wisconsin,Young,0.4580866995600044
2020,Wisconsin,Overall,0.75
2020,Wisconsin,Hispanic,0.5948812794904356
2020,Wisconsin,Young,0.5707349850020442
2022,Wisconsin,Overall,0.6
2022,Wisconsin,Hispanic,0.3901261670910996
2022,Wisconsin,Young,0.5160321905275145
2010,Wyoming,Overall,0.46
2010,Wyoming,Hispanic,0.23426771675269273
2010,Wyoming,Young,0.18265212379888346
2012,Wyoming,Overall,0.59
2012,Wyoming,Hispanic,0.3200593021923434
2012,Wyoming,Young,0.3236679580221476
2014,Wyoming,Overall,0.4
2014,Wyoming,Hispanic,0.31210950506130747
2014,Wyoming,Young,0.13757270451900364
2016,Wyoming,Overall,0.6
2016,Wyoming,Hispanic,0.42114263062288165
2016,Wyoming,Young,0.5045407323925616
2018,Wyoming,Overall,0.48
2018,Wyoming,Hispanic,0.3121518734074813
2018,Wyoming,Young,0.18685209002146233
2020,Wyoming,Overall,0.65
2020,Wyoming,Hispanic,0.5604370359767397
2020,Wyoming,Young,0.49493357660437065
2022,Wyoming,Overall,0.45
2022,Wyoming,Hispanic,0.291190971670603
2022,Wyoming,Young,0.19083405965967598
